0.185491,28.401598,14.000000
0.595693,29.567901,10.000000
0.770508,25.591159,9.000000
0.988599,46.993506,9.000000
1.172098,31.458513,11.000000
1.241111,43.153031,13.000000
1.613941,27.392318,9.000000
1.968492,44.062316,9.000000
2.466209,28.342995,15.000000
2.596405,29.592697,13.000000
2.658296,25.550085,9.000000
2.807825,31.031725,9.000000
2.904393,-36.937023,9.000000
2.992866,23.023311,9.000000
3.018599,27.363546,10.000000
3.419277,46.415517,11.000000
3.440431,-71.857561,15.000000
3.573288,32.531224,9.000000
3.601168,28.575637,10.000000
3.645668,40.794758,9.000000
3.996398,31.415630,12.000000
3.997993,30.051284,12.000000
4.210131,44.978204,9.000000
4.210481,47.378660,9.000000
4.267754,42.180134,10.000000
4.627367,29.176531,9.000000
5.005761,43.957898,9.000000
5.458461,22.399373,19.000000
6.246689,41.016582,10.000000
6.392338,29.200639,10.000000
6.456870,42.959834,9.000000
6.609178,27.010144,9.000000
6.718770,-71.535723,14.000000
6.817386,45.741457,9.000000
7.034437,30.802174,10.000000
7.042006,44.397541,9.000000
7.249287,47.595363,9.000000
7.816913,29.844095,12.000000
7.973164,17.996093,10.000000
8.167630,1.466133,11.000000
8.323522,27.811886,10.000000
8.847224,26.809455,10.000000
9.175705,43.219656,13.000000
9.220974,23.990459,12.000000
9.249382,-22.619124,11.000000
9.419213,47.399172,13.000000
9.654757,45.569192,9.000000
9.786126,36.588252,9.000000
9.894393,2.880938,9.000000
10.035190,-31.594363,10.000000
10.196937,37.962539,12.000000
10.245014,23.253395,9.000000
11.171076,26.617573,10.000000
11.235512,41.577452,17.000000
11.350299,45.450795,10.000000
11.582498,-73.213129,19.000000
12.034099,47.791107,11.000000
12.035453,34.215665,9.000000
12.162632,1.423472,11.000000
12.253989,28.223167,10.000000
12.395225,27.022116,9.000000
12.429362,23.392736,10.000000
13.022499,-22.656121,10.000000
13.386312,2.924746,10.000000
13.387573,43.006996,10.000000
13.656926,-23.597344,9.000000
13.764553,22.749870,10.000000
14.153765,-1.196123,13.000000
14.153969,34.610547,10.000000
14.611166,23.548316,12.000000
15.212592,47.645645,11.000000
15.603258,-31.656371,10.000000
15.667692,-70.836250,13.000000
15.856130,-72.113195,18.000000
16.813822,40.642483,12.000000
16.958538,41.995735,12.000000
17.340457,45.747732,9.000000
17.659231,-0.274366,10.000000
17.793581,17.628094,9.000000
18.040161,47.581079,11.000000
18.237454,-21.601540,15.000000
18.238391,-20.481869,10.000000
18.285535,-18.523611,15.000000
18.342312,3.009653,14.000000
18.807726,0.230046,15.000000
18.856914,-46.530951,12.000000
19.586041,34.642175,10.000000
19.597329,47.239514,9.000000
19.812590,80.861930,9.000000
20.018149,40.972499,10.000000
20.181953,31.594588,10.000000
20.736943,42.015312,11.000000
20.813387,45.374910,10.000000
21.380888,1.762443,9.000000
22.240364,31.383849,9.000000
23.142855,32.390207,9.000000
23.270669,-36.539507,10.000000
23.408069,22.458816,9.000000
23.417191,30.360521,19.000000
23.528115,-19.224208,14.000000
23.571105,27.752035,9.000000
23.653461,7.631568,13.000000
24.007647,-45.914334,9.000000
24.242693,31.825255,9.000000
25.024465,45.985203,11.000000
25.645348,-65.963601,12.000000
25.773980,32.186757,9.000000
26.973668,27.422536,14.000000
27.530486,16.930777,10.000000
27.809440,30.608390,9.000000
28.808054,-17.070859,9.000000
29.278616,-51.556924,12.000000
29.809131,40.606934,10.000000
30.635797,44.974770,9.000000
30.772353,2.618090,10.000000
30.953860,-46.600856,10.000000
31.350284,25.286910,9.000000
31.353005,-31.054477,12.000000
31.377976,-29.946792,15.000000
31.432892,-28.639829,9.000000
31.545889,15.218558,9.000000
31.614789,40.594920,9.000000
32.603306,45.218998,11.000000
32.780134,-0.655769,9.000000
33.524857,5.175168,9.000000
33.584010,-30.570958,9.000000
33.749196,44.054428,9.000000
33.766021,30.791754,9.000000
34.490751,-51.643150,13.000000
34.606775,5.657100,9.000000
34.960554,40.663480,9.000000
35.021998,43.409521,12.000000
35.346537,26.801093,9.000000
35.380582,39.369412,16.000000
35.431987,-38.732726,9.000000
35.568331,-26.283891,12.000000
35.614044,42.359699,16.000000
35.616158,-25.200174,10.000000
36.132345,31.615349,10.000000
36.198736,38.578519,9.000000
36.344248,-56.641146,10.000000
36.758568,-65.166877,10.000000
37.007735,41.350650,12.000000
37.043543,28.215655,11.000000
37.342183,-26.636014,13.000000
37.394787,-51.585183,10.000000
37.562242,33.134994,14.000000
37.573598,42.361087,11.000000
37.967089,40.049438,12.000000
38.620311,41.357488,16.000000
38.786104,43.410563,13.000000
39.444566,34.432972,9.000000
39.605995,2.003313,13.000000
40.017911,22.155085,9.000000
40.167753,42.589918,19.000000
40.537342,41.343672,10.000000
40.562605,36.200000,10.000000
40.820526,37.341326,9.000000
40.884187,31.789904,9.000000
41.028700,-27.394578,13.000000
41.036874,-62.380207,9.000000
41.205607,-46.613347,14.000000
41.427304,-52.963956,9.000000
41.606565,-21.680880,16.000000
41.761337,5.589360,9.000000
41.959374,39.797339,9.000000
41.971202,42.465085,15.000000
42.467318,-26.623921,11.000000
42.855043,-31.227917,12.000000
42.952118,-28.818260,9.000000
43.411511,-27.596106,9.000000
43.421567,13.015054,12.000000
43.447358,41.808616,17.000000
43.762492,37.237122,9.000000
44.111421,0.875963,9.000000
44.200713,15.984413,11.000000
44.439958,5.979734,15.000000
44.730365,-31.639451,10.000000
44.754203,-37.246630,10.000000
44.781352,41.387275,11.000000
44.939009,-0.366788,9.000000
45.053222,-22.206978,9.000000
45.278182,-51.608031,13.000000
46.427483,38.841508,12.000000
46.538254,33.586969,10.000000
46.952822,-36.669302,9.000000
46.965530,40.853508,11.000000
47.557930,19.221142,9.000000
48.178602,-47.436930,10.000000
48.229101,22.570332,9.000000
48.449258,-38.846746,9.000000
48.825443,2.623743,9.000000
49.966625,-21.775048,16.000000
50.387048,-45.542420,10.000000
51.047201,34.551053,10.000000
51.127632,-21.546729,11.000000
51.248091,38.140189,9.000000
51.838156,26.781233,9.000000
52.056909,-25.753431,10.000000
52.402867,-21.655041,13.000000
52.752211,-52.599093,9.000000
52.991935,37.403794,16.000000
53.765694,26.597107,9.000000
54.338460,-31.753688,18.000000
54.776737,-26.653112,12.000000
55.184193,26.658065,10.000000
55.199340,22.192921,9.000000
55.207461,-52.406123,9.000000
55.390534,20.854578,9.000000
55.513158,-49.148101,9.000000
55.529822,4.234174,9.000000
56.311473,-46.647938,9.000000
56.546519,23.133982,9.000000
57.121658,-31.651138,17.000000
57.206154,26.616402,9.000000
57.579474,-25.387079,10.000000
57.747164,24.598364,9.000000
57.968947,22.416082,9.000000
58.406943,32.198079,9.000000
58.432452,-26.728940,11.000000
58.621522,17.962132,10.000000
59.351209,24.056940,9.000000
59.545415,-22.567171,9.000000
60.091194,-61.604558,13.000000
60.356904,-26.775520,10.000000
60.362239,23.249100,9.000000
61.040258,22.132604,9.000000
61.584294,25.983334,9.000000
61.836691,-56.601649,9.000000
62.041334,-31.053169,9.000000
62.440548,-50.573262,9.000000
62.729770,-32.040223,10.000000
62.746597,-51.636049,11.000000
64.460237,80.535619,9.000000
65.785744,-32.430662,9.000000
65.815023,-31.382193,14.000000
65.929600,-28.771024,12.000000
66.224964,-77.684484,10.000000
67.392797,-32.623744,10.000000
67.588359,-29.775852,9.000000
67.617391,-0.542006,9.000000
67.764386,-28.217884,9.000000
67.953308,1.768214,17.000000
68.029237,-71.404544,11.000000
68.203566,10.390681,9.000000
68.246252,-31.753669,13.000000
68.835422,15.614825,9.000000
68.996541,-32.610546,9.000000
69.046631,-67.108809,10.000000
69.381479,7.579238,9.000000
69.411733,2.617939,9.000000
69.613170,-26.785444,12.000000
69.959234,-76.778656,11.000000
69.992812,-35.629825,11.000000
70.147503,0.459493,10.000000
70.183662,-52.761043,14.000000
70.323576,-51.740668,11.000000
70.359624,9.191287,10.000000
70.449261,7.972111,9.000000
70.578311,-31.568206,10.000000
70.757439,-56.664906,15.000000
71.283565,-26.753934,10.000000
71.318448,-66.627575,9.000000
71.410588,-84.008194,9.000000
71.554748,-62.404157,10.000000
71.740004,8.216818,12.000000
71.968919,11.458465,9.000000
72.344904,13.175214,11.000000
72.415828,0.774612,11.000000
72.427507,-30.748895,12.000000
72.603117,-52.763344,12.000000
72.779897,-28.975019,9.000000
73.024862,9.811626,10.000000
73.080419,-43.313739,16.000000
73.375803,68.220138,9.000000
73.582926,7.819764,10.000000
73.664257,-68.982489,19.000000
73.745768,16.350594,12.000000
73.842826,-20.602329,9.000000
73.993930,-70.224276,17.000000
74.074991,-66.453256,16.000000
74.539101,-46.642994,9.000000
74.774686,8.181027,11.000000
74.780798,-67.745352,19.000000
74.810237,-0.200075,9.000000
74.822581,16.774969,9.000000
75.391013,10.179944,11.000000
75.564201,15.829474,10.000000
75.592333,-21.026562,9.000000
75.835422,7.784636,9.000000
75.902614,-26.789951,14.000000
76.062858,-72.353505,19.000000
76.814320,8.793408,12.000000
76.828251,-68.580533,19.000000
76.944399,-37.560281,11.000000
76.964633,10.191212,14.000000
77.007068,-22.141819,9.000000
77.022603,-70.024576,10.000000
77.352362,-31.449406,10.000000
77.410327,-28.603960,10.000000
77.553766,-0.763581,10.000000
77.616906,7.220986,13.000000
77.629093,-52.510260,9.000000
77.811546,-26.779082,14.000000
77.817504,9.352911,10.000000
78.127913,4.197023,9.000000
78.472003,-40.028298,13.000000
78.632314,8.594159,11.000000
78.771728,3.212831,11.000000
78.775469,-62.647912,12.000000
78.824624,0.786645,13.000000
78.988483,7.609073,16.000000
79.195165,6.510934,13.000000
79.224325,2.203298,14.000000
79.227246,-26.835557,9.000000
79.270913,9.646263,10.000000
79.643305,-67.603358,17.000000
79.879451,-69.409572,19.000000
80.017531,3.377305,9.000000
80.027818,4.632726,15.000000
80.044234,5.833007,9.000000
80.421205,-65.826572,10.000000
80.422728,-32.785181,9.000000
80.621080,2.182494,12.000000
80.774531,0.631360,10.000000
80.986533,-31.807538,12.000000
81.038454,-24.537691,18.000000
81.328974,-36.769595,17.000000
81.462168,7.606359,9.000000
81.567003,-2.782154,10.000000
81.793587,-0.620494,10.000000
81.822378,-70.737178,18.000000
81.882946,-71.858474,17.000000
81.991392,0.832747,12.000000
82.163454,2.420672,12.000000
82.353172,3.978082,12.000000
82.575484,-26.820412,15.000000
82.596413,-1.625098,14.000000
82.605773,-62.396875,14.000000
82.995684,-67.971478,15.000000
83.020164,1.589872,15.000000
83.164369,0.189159,12.000000
83.190074,-37.825850,10.000000
83.366835,-30.348446,12.000000
83.372065,-69.813866,19.000000
83.568054,2.813087,12.000000
83.577703,76.975614,13.000000
83.667837,-28.333567,9.000000
83.801812,-66.988048,19.000000
83.914182,-81.609543,10.000000
84.036643,-32.036158,10.000000
84.173844,-1.400830,12.000000
84.522592,-34.741293,9.000000
84.604279,-0.345783,15.000000
84.818192,1.198310,11.000000
85.247746,-2.793656,11.000000
85.253295,-31.856839,9.000000
85.256155,-56.604763,9.000000
85.414147,-37.840173,10.000000
85.551611,-25.673488,10.000000
85.572094,-71.591353,19.000000
85.620846,-27.418384,9.000000
85.631957,-69.060886,18.000000
85.777119,0.032370,11.000000
86.010208,-70.589128,19.000000
86.662392,-67.184599,13.000000
87.183911,-36.816963,9.000000
87.220200,-25.435268,10.000000
87.231875,-42.875212,10.000000
87.399663,-56.202764,10.000000
87.443848,-22.960176,10.000000
87.788580,-31.765474,10.000000
88.567841,-61.777926,11.000000
89.003875,-59.406621,13.000000
89.034403,-31.837149,13.000000
89.586541,-34.863519,10.000000
89.620507,-71.668277,9.000000
90.534275,-26.863447,12.000000
91.221560,53.753557,13.000000
91.380382,-19.007766,9.000000
91.614609,-23.043227,10.000000
91.635583,-21.903913,11.000000
91.836910,-37.251279,9.000000
91.840652,-20.200226,10.000000
92.063420,-62.987391,9.000000
92.386787,-18.387954,11.000000
92.395137,-34.642326,10.000000
92.455343,56.970965,12.000000
92.609550,-33.428035,13.000000
92.610931,-52.565652,11.000000
92.796704,52.136478,10.000000
92.839401,-22.814104,10.000000
92.843156,-50.797338,10.000000
93.004790,-19.811185,10.000000
93.279166,-49.429434,11.000000
93.340905,-46.784799,16.000000
93.440680,-72.583403,12.000000
93.522787,-41.834065,11.000000
93.630908,-17.803694,10.000000
93.773113,50.937341,12.000000
93.973123,-18.808633,13.000000
94.011440,-36.734049,12.000000
94.035601,-51.832788,13.000000
94.344936,-22.782826,9.000000
94.551770,-31.811502,16.000000
94.611561,-35.152895,9.000000
94.768288,-29.385975,10.000000
95.131890,-20.168217,12.000000
95.161373,-68.988673,9.000000
95.190835,-21.983114,9.000000
95.366806,-70.092472,12.000000
95.428729,-64.988411,9.000000
95.431196,-52.408790,9.000000
95.442772,-28.399578,10.000000
95.578615,-67.834656,9.000000
95.592806,-37.773736,13.000000
95.619877,-30.200663,15.000000
95.658623,57.242408,9.000000
95.876828,50.402700,9.000000
95.943215,-32.209355,11.000000
95.952583,-66.804181,9.000000
95.993040,-36.194049,10.000000
96.018738,52.802969,11.000000
96.149710,-22.790365,11.000000
96.223393,-62.160416,9.000000
96.424433,-31.227935,12.000000
96.622903,-25.210787,12.000000
96.790002,-26.465212,10.000000
96.797690,48.445748,9.000000
96.838031,-24.012468,10.000000
97.037074,47.399781,9.000000
97.190191,-37.058049,10.000000
97.205505,-28.784567,11.000000
97.388384,-30.399531,13.000000
97.460281,53.380666,9.000000
97.541810,-27.394405,12.000000
97.586658,44.604727,9.000000
97.975204,-32.572492,11.000000
98.050608,62.765242,10.000000
98.175741,43.216839,9.000000
98.240161,-71.567630,10.000000
98.399443,-38.204000,9.000000
98.406666,-55.946098,9.000000
98.582995,-26.445034,9.000000
98.591238,46.368325,11.000000
98.615920,-27.836143,15.000000
98.668653,-47.362636,9.000000
98.764323,-31.807586,14.000000
98.785161,-36.994912,12.000000
98.829364,-35.218418,14.000000
99.209697,-30.426873,14.000000
100.003693,-29.362029,10.000000
100.021398,-34.233532,10.000000
100.137583,-42.273092,9.000000
100.207330,-51.695736,11.000000
100.207628,-52.975657,9.000000
100.225335,-32.170775,18.000000
100.407353,-30.428899,14.000000
100.410617,-38.562522,11.000000
100.457778,-37.235423,10.000000
101.215724,42.797035,11.000000
101.243050,-46.852277,10.000000
101.572484,-32.973849,10.000000
101.593156,47.381703,9.000000
101.763739,-67.604946,10.000000
101.821187,-37.983558,19.000000
101.989327,-44.849467,12.000000
102.206804,49.193322,9.000000
102.245283,-36.003992,13.000000
102.829572,-57.214566,9.000000
103.201970,-49.427691,9.000000
103.258036,42.185700,16.000000
103.417925,47.984398,11.000000
103.636273,-42.365509,10.000000
104.162583,32.579963,13.000000
104.579915,35.145307,10.000000
105.380817,32.414712,10.000000
105.951747,-49.588751,9.000000
106.029133,-41.849730,11.000000
106.591040,30.442283,12.000000
106.606852,29.002591,9.000000
107.021128,-71.780173,13.000000
107.030250,31.565774,14.000000
107.126306,27.855122,9.000000
107.188830,35.832683,9.000000
107.196876,48.622572,9.000000
107.410292,26.190212,13.000000
107.413482,33.196066,10.000000
107.823974,25.154622,9.000000
107.838066,71.835422,12.000000
107.979381,-60.398408,10.000000
108.177105,-51.208542,11.000000
108.214708,-46.754533,9.000000
108.329258,-68.801532,11.000000
108.410804,31.253893,11.000000
108.417511,-44.605491,9.000000
108.958028,42.591085,10.000000
109.001879,28.446802,11.000000
109.024700,24.016076,14.000000
109.182284,29.827357,10.000000
109.258228,25.646026,16.000000
109.345881,22.431776,13.000000
109.631702,27.158111,12.000000
110.242721,42.037688,9.000000
110.248110,28.765134,9.000000
110.435820,47.394677,19.000000
110.762886,-53.550163,9.000000
110.997113,-67.635646,9.000000
111.227276,19.205526,13.000000
111.410953,35.541863,10.000000
111.439334,29.963464,10.000000
111.614024,17.816159,11.000000
111.811248,23.995818,11.000000
112.003092,41.977339,11.000000
112.019836,20.382157,10.000000
112.033344,22.793712,10.000000
112.244742,26.539854,11.000000
112.268041,-54.214545,9.000000
112.428180,32.621702,12.000000
112.459018,56.908144,9.000000
112.991849,30.535481,10.000000
113.058214,18.926292,11.000000
113.162852,20.023907,12.000000
113.228452,28.560601,11.000000
113.559628,32.041741,10.000000
113.607314,12.246091,9.000000
113.950514,18.049166,11.000000
114.228896,16.986757,15.000000
114.377205,14.835689,9.000000
114.389933,19.637193,15.000000
114.407151,42.928500,10.000000
114.534583,38.881518,12.000000
114.606569,21.381166,10.000000
115.227161,17.409112,10.000000
115.328182,37.375346,9.000000
115.348292,18.810402,13.000000
115.373506,12.207453,9.000000
115.769156,8.231763,10.000000
115.834601,9.400774,13.000000
116.790761,7.793602,11.000000
116.863369,47.825394,9.000000
116.946064,20.841751,9.000000
116.971296,9.617818,14.000000
116.975347,17.421868,14.000000
117.029644,-62.369916,11.000000
117.046296,18.566894,15.000000
117.584222,20.013703,12.000000
117.619403,5.572324,10.000000
117.780363,50.378907,9.000000
117.802422,8.221167,9.000000
117.993449,21.592546,10.000000
118.211700,17.559912,10.000000
118.343748,46.805431,9.000000
118.371244,6.543934,9.000000
118.402464,18.809863,9.000000
118.798589,2.198704,11.000000
118.828438,3.440637,11.000000
119.211883,9.787033,9.000000
119.283335,-59.624600,9.000000
119.343309,-63.126999,10.000000
119.355061,17.379996,9.000000
119.375852,6.377290,12.000000
119.419824,5.222903,10.000000
119.440447,-60.809631,14.000000
120.036981,56.358702,10.000000
120.587580,4.746492,9.000000
120.934388,3.446354,10.000000
120.998044,-1.265027,10.000000
121.197943,1.354835,11.000000
121.367418,5.959518,10.000000
121.978379,-72.146927,9.000000
122.145953,-68.210728,11.000000
122.533669,-66.988278,9.000000
122.609095,-0.778561,12.000000
122.643987,22.772330,11.000000
122.649456,45.426577,10.000000
122.755111,3.967628,10.000000
122.769117,-1.769320,9.000000
122.789226,0.785924,10.000000
122.795063,5.020942,13.000000
122.828313,8.208069,11.000000
123.015769,3.000430,9.000000
123.019071,19.408891,10.000000
123.581556,6.992430,12.000000
123.588112,-0.180898,10.000000
123.800094,5.572785,13.000000
124.198420,0.790046,11.000000
124.202189,4.187993,10.000000
124.506452,24.736418,12.000000
125.166358,-1.061416,9.000000
125.185353,1.787213,14.000000
125.217496,-67.004023,9.000000
125.223870,17.955823,9.000000
125.842976,4.367759,9.000000
126.070988,41.959580,9.000000
126.150680,-1.442360,11.000000
126.206254,2.785191,9.000000
126.572476,17.407533,10.000000
126.610811,0.555176,10.000000
127.575774,1.424482,9.000000
128.207157,18.798347,9.000000
128.390304,-1.622594,13.000000
128.541283,-67.772129,10.000000
128.987285,0.400832,11.000000
129.171842,-2.833994,9.000000
129.243021,2.249621,9.000000
129.347924,47.150939,10.000000
129.745529,36.240809,9.000000
130.337717,32.413808,11.000000
130.601795,0.800887,10.000000
130.635288,-0.201510,10.000000
131.369760,-17.592545,11.000000
131.577643,30.448866,9.000000
131.968561,1.548304,9.000000
132.239540,-0.219257,9.000000
132.559400,-19.418831,10.000000
132.759390,42.804661,9.000000
132.768189,-72.221392,12.000000
132.991603,1.387830,10.000000
133.020712,-17.616449,9.000000
133.380886,36.409517,10.000000
133.451964,-71.021359,9.000000
134.006747,0.749005,11.000000
134.016966,-20.265812,10.000000
134.190393,-1.192599,9.000000
134.409821,-19.000138,11.000000
135.593335,-18.599826,12.000000
135.753718,-20.771988,9.000000
136.003627,-0.039713,13.000000
136.032315,21.981225,12.000000
136.591641,-22.527485,9.000000
137.188809,-18.344559,9.000000
137.201472,-17.218989,9.000000
137.226482,1.428007,9.000000
137.564914,-0.364128,10.000000
137.979586,-20.121443,9.000000
138.149267,34.995990,9.000000
138.411754,-1.411668,9.000000
138.610305,2.922061,11.000000
138.941518,-21.805813,13.000000
139.143000,-71.943005,13.000000
140.223147,-24.808986,14.000000
140.799857,-26.962311,12.000000
141.224799,-29.018541,11.000000
141.235624,-22.123152,10.000000
141.255255,-77.252604,9.000000
141.386575,-23.428165,10.000000
142.367906,-29.590801,9.000000
143.026136,-24.817606,9.000000
143.356763,-30.206513,11.000000
143.675697,2.018489,14.000000
144.279979,-22.171861,9.000000
144.393635,35.205805,10.000000
144.483286,-20.428093,9.000000
144.793829,-17.082508,14.000000
144.998008,-30.993926,10.000000
145.206892,11.546378,17.000000
145.567074,-26.712817,19.000000
145.784084,-33.028755,10.000000
146.235343,-23.610511,10.000000
146.397040,-30.564743,13.000000
146.441611,-28.180155,10.000000
146.640085,-25.150235,9.000000
147.180741,-32.046082,16.000000
147.183137,-26.400551,9.000000
147.530525,12.813662,15.000000
147.587378,-28.141976,11.000000
147.988969,-33.071306,10.000000
148.038650,-29.216593,9.000000
148.222493,-34.795310,9.000000
148.379090,-26.043011,10.000000
148.445232,-23.962879,9.000000
148.487907,-31.303102,15.000000
148.622163,-22.749775,11.000000
148.664334,37.321532,9.000000
148.997791,-27.785051,15.000000
149.185408,-32.186149,10.000000
149.423138,-34.599716,10.000000
149.747059,-24.964464,15.000000
149.786468,13.058325,12.000000
149.799086,-25.977909,11.000000
150.170014,-36.126225,9.000000
150.413295,-33.212569,12.000000
150.605942,-23.411302,10.000000
151.012882,-27.939695,12.000000
151.378520,-35.009535,9.000000
151.593362,-30.188077,9.000000
152.126929,-32.569597,9.000000
152.326221,-28.106597,17.000000
152.596656,-37.011769,18.000000
153.191005,-33.562487,12.000000
153.384520,-35.588923,13.000000
154.078003,-34.624503,10.000000
154.561082,41.419253,10.000000
154.764512,-37.435393,14.000000
154.855595,-17.161648,12.000000
154.995806,-38.758239,9.000000
155.397869,-35.410224,9.000000
155.432473,-33.756189,10.000000
155.588939,-19.866651,11.000000
156.319476,-32.453950,9.000000
156.379098,-34.761726,9.000000
156.553395,-28.180999,11.000000
156.563086,-26.988343,14.000000
156.605309,17.560693,9.000000
156.645599,-23.831494,11.000000
157.411631,-24.800823,11.000000
157.419463,-35.397122,13.000000
157.793889,-37.363915,9.000000
157.816265,-32.165203,11.000000
157.954161,-28.198424,10.000000
158.623305,-38.190293,9.000000
158.786221,-40.633401,9.000000
158.797448,84.397934,9.000000
158.981369,-27.442750,16.000000
159.029767,-32.080092,9.000000
159.193257,-33.270615,14.000000
159.378001,-37.118519,9.000000
159.378441,-34.999047,11.000000
159.607361,-28.764407,9.000000
160.423986,-40.226968,11.000000
160.638295,-17.126129,10.000000
160.791310,-36.964932,9.000000
160.830534,-41.556884,13.000000
161.414818,-33.447238,9.000000
162.249742,-41.403815,9.000000
162.397473,-37.529432,9.000000
162.543418,-34.008521,10.000000
162.559783,-26.992222,9.000000
162.810224,5.841528,12.000000
163.365391,-38.211383,10.000000
163.405170,-36.433205,10.000000
163.610848,-32.867211,9.000000
163.650392,-31.592121,10.000000
163.680013,11.831355,13.000000
163.772459,-27.461115,13.000000
164.601031,-29.581778,10.000000
164.788072,-34.765727,12.000000
164.956250,-36.009893,11.000000
164.999926,-37.212481,13.000000
165.010588,-32.175075,14.000000
165.373768,-42.197237,11.000000
165.446321,-41.195239,10.000000
165.941710,-23.241381,9.000000
165.982100,-34.389176,11.000000
166.009566,49.819647,10.000000
166.259588,59.684300,9.000000
166.335219,-35.632482,14.000000
166.381407,-37.773229,16.000000
166.803791,-32.854270,12.000000
166.809253,3.037114,9.000000
167.047278,-41.734714,10.000000
167.414475,-43.593355,10.000000
167.459427,62.246053,11.000000
167.537057,-30.329931,9.000000
167.572031,-28.056740,15.000000
167.595032,-26.845134,11.000000
167.622078,7.809566,9.000000
167.627829,-37.584644,10.000000
167.656477,-25.085681,13.000000
167.722589,-23.219985,9.000000
167.967125,-34.002848,9.000000
167.979422,57.035837,9.000000
168.021716,-22.141973,10.000000
168.468828,-29.568555,9.000000
168.855175,-40.525790,9.000000
169.235304,-32.790593,10.000000
169.395268,-44.402545,9.000000
169.571735,-37.616787,10.000000
169.616611,-28.234112,9.000000
169.679477,-27.121528,10.000000
170.261924,53.169729,9.000000
170.378419,-42.160133,9.000000
170.952230,-34.564599,9.000000
171.427974,-44.365306,10.000000
171.576711,35.343238,9.000000
171.744232,-22.137613,9.000000
171.883041,-29.176070,12.000000
172.053258,-42.818544,10.000000
172.077879,17.235337,9.000000
172.183627,-37.158513,12.000000
172.593324,-43.795583,9.000000
173.227274,1.792832,11.000000
173.231817,-26.599210,10.000000
173.602693,-27.988251,10.000000
173.661942,36.795288,12.000000
174.177897,17.222626,9.000000
174.284221,-32.821354,12.000000
174.472946,22.010010,15.000000
174.536302,-27.179907,14.000000
174.886660,-36.615218,9.000000
174.931410,31.923749,10.000000
175.730196,-21.782923,17.000000
175.965677,67.374860,9.000000
175.995340,20.025890,16.000000
176.607292,-45.779544,10.000000
176.754308,-36.743937,11.000000
176.862321,-33.291415,11.000000
176.888121,-42.137063,9.000000
176.892739,55.967006,9.000000
177.580952,2.413548,9.000000
177.583691,51.825310,10.000000
177.753806,6.571310,9.000000
178.016004,-46.568493,9.000000
178.281017,-42.113662,17.000000
178.370109,-45.568859,10.000000
178.380337,-43.368907,12.000000
178.431261,73.755551,9.000000
178.556651,-41.079268,12.000000
178.581345,-39.465111,10.000000
178.627066,-37.987659,10.000000
178.635995,7.947557,12.000000
179.635679,47.254317,12.000000
179.755428,-46.441503,12.000000
179.965989,-42.053477,9.000000
180.242334,-45.205096,9.000000
180.858008,51.805473,9.000000
180.983504,-31.468788,9.000000
181.393833,-46.174141,12.000000
181.571278,-44.403216,9.000000
181.637337,-28.214707,12.000000
182.546096,-47.137289,9.000000
182.969474,-43.994380,9.000000
183.011097,61.368827,10.000000
184.116742,-27.523171,9.000000
184.393730,-45.964616,9.000000
184.430566,37.808947,9.000000
184.452607,-44.396677,11.000000
184.914469,-42.125217,9.000000
185.010604,-47.193334,16.000000
185.453922,-43.057610,12.000000
185.941097,-44.138990,18.000000
186.085835,-45.191780,11.000000
186.261883,-46.437974,12.000000
186.352367,-21.229210,9.000000
186.387447,-41.167773,10.000000
186.433901,7.201783,11.000000
186.776711,-47.415345,12.000000
187.225679,-43.591988,9.000000
187.668336,-32.155852,9.000000
187.668502,9.015984,9.000000
188.204647,-46.415641,9.000000
188.367485,-45.377981,10.000000
188.578832,8.203519,12.000000
188.770375,-43.750472,9.000000
188.826753,-35.807133,13.000000
188.934274,-33.385078,12.000000
189.157661,-47.249379,10.000000
189.565589,-44.580374,11.000000
189.646507,-27.186699,10.000000
189.719497,-23.129857,10.000000
189.906661,16.589136,9.000000
190.220144,-36.755865,9.000000
190.237547,71.775317,9.000000
190.263609,31.956065,17.000000
190.348226,18.598318,12.000000
190.992720,-47.813597,14.000000
191.451275,-42.846603,12.000000
191.618233,-45.621624,9.000000
191.651575,-38.258353,9.000000
191.755990,-19.233032,10.000000
192.132358,-46.798437,10.000000
192.218926,-41.340706,12.000000
192.419673,-32.674881,10.000000
192.791236,-44.413769,10.000000
192.966035,-22.161855,9.000000
193.196758,-45.843870,13.000000
193.408911,-43.422574,11.000000
193.606763,-29.023222,14.000000
193.683349,-47.165642,13.000000
193.737424,-42.275412,15.000000
194.023462,-32.130787,15.000000
194.249811,-30.400618,9.000000
194.784140,27.833359,17.000000
194.957162,-47.847493,10.000000
195.186589,-22.128017,9.000000
195.326961,-43.251284,11.000000
195.553577,-32.784747,11.000000
196.397677,-27.411014,10.000000
196.446141,-28.421961,10.000000
196.713593,-47.161378,9.000000
196.820326,-21.392365,11.000000
196.840669,-19.058958,11.000000
196.939579,-22.857646,12.000000
197.164574,-45.774431,9.000000
197.628396,-44.398346,9.000000
198.194738,-47.430299,15.000000
198.585712,-42.018619,10.000000
198.844366,27.452977,10.000000
199.412240,-44.172911,10.000000
199.446121,-46.403669,10.000000
199.608312,36.997196,9.000000
199.758412,-43.132408,9.000000
199.785997,-41.235573,9.000000
199.786189,-45.182030,11.000000
199.960591,-33.403434,9.000000
200.174847,-27.026615,9.000000
200.983193,41.819688,9.000000
201.414782,-42.976347,12.000000
201.466601,-47.256759,15.000000
201.984865,-25.856231,9.000000
202.020151,-31.545722,10.000000
202.038601,-23.048021,10.000000
202.078454,-20.922275,9.000000
202.360343,-33.762244,12.000000
202.373627,11.797081,11.000000
202.442568,37.606777,9.000000
202.628507,-17.074330,11.000000
202.718981,62.226326,11.000000
202.743993,19.433778,10.000000
203.155898,-27.167983,9.000000
204.011718,-32.841853,15.000000
204.242059,-42.155935,12.000000
204.349988,-31.045217,9.000000
204.387796,-29.849601,9.000000
204.921597,-35.618851,14.000000
205.336726,-32.139856,10.000000
205.662129,-41.231542,9.000000
206.007625,-46.750155,9.000000
206.022170,-37.991222,10.000000
206.125220,-28.268422,10.000000
206.385214,-22.081716,13.000000
206.407486,-42.108407,10.000000
206.622066,-27.160256,9.000000
206.862268,-32.818916,10.000000
206.990441,3.449583,9.000000
207.387097,-17.246534,9.000000
207.768359,-37.571566,9.000000
208.050564,2.403782,11.000000
208.439196,33.225753,11.000000
208.572865,-27.833848,13.000000
208.577707,-30.405192,10.000000
210.340247,-33.061015,10.000000
210.434848,-28.727569,9.000000
210.960209,29.363896,9.000000
210.967629,54.361193,11.000000
211.041773,33.329174,9.000000
211.061121,-41.780597,10.000000
211.558681,-26.612490,14.000000
211.609196,-39.762396,9.000000
212.585768,-42.166125,9.000000
212.590638,-22.192657,9.000000
212.782859,-43.239983,11.000000
212.979671,-36.378474,11.000000
212.991353,-37.410859,14.000000
213.373184,-34.804611,15.000000
213.574834,12.343532,9.000000
213.602677,-40.215478,9.000000
213.612385,-27.630625,9.000000
213.981264,36.210322,12.000000
214.018278,-33.557144,12.000000
214.231400,-36.428545,10.000000
214.778049,47.754265,9.000000
214.791501,-27.432949,14.000000
214.976890,51.895056,9.000000
215.243312,-41.018465,10.000000
215.392843,-37.799316,10.000000
215.568640,-32.731897,9.000000
215.587072,-31.613401,11.000000
215.600423,-0.381469,10.000000
215.602273,-33.804918,15.000000
215.857208,1.730616,9.000000
216.234082,-41.811268,12.000000
216.601085,-29.238898,9.000000
216.627158,16.634399,9.000000
217.586943,-41.611106,13.000000
217.779609,-38.690439,11.000000
217.787469,-32.402977,9.000000
217.792824,-22.193421,16.000000
218.007233,22.471063,9.000000
218.185835,-43.023860,19.000000
218.465983,5.458001,10.000000
218.776964,-37.789289,13.000000
218.844367,-36.391744,9.000000
219.004914,-32.383066,13.000000
219.016216,-33.409579,14.000000
219.029778,-40.799037,10.000000
219.186430,-42.236384,13.000000
219.885478,-26.552793,11.000000
219.960342,42.742797,12.000000
220.614597,-42.064576,14.000000
220.623702,22.350348,11.000000
220.983764,-37.175376,9.000000
221.157964,-38.230168,9.000000
221.258637,-32.431438,9.000000
221.372285,-31.140325,12.000000
222.187696,22.993357,9.000000
222.247435,-29.463899,10.000000
222.602606,-27.782480,10.000000
222.735052,-26.395460,11.000000
222.769970,2.644649,10.000000
222.851279,6.799553,10.000000
223.169209,-42.436214,10.000000
223.174726,-30.939475,10.000000
223.187860,-24.628254,11.000000
223.193260,16.751378,13.000000
223.193616,-22.024695,10.000000
223.199366,-32.767825,11.000000
223.589184,-37.842534,11.000000
224.363887,-40.232972,15.000000
224.403897,-30.246941,9.000000
224.444184,-39.209368,14.000000
224.795759,-32.039953,18.000000
224.985591,-27.162178,10.000000
224.989341,-33.219822,14.000000
225.001839,-36.347053,12.000000
225.183932,-29.020098,11.000000
225.572853,-37.997336,11.000000
225.727325,-41.358197,11.000000
226.399104,-37.161327,12.000000
226.417220,-31.775193,9.000000
226.443085,71.882659,10.000000
226.620855,-39.746747,10.000000
227.394586,-19.800069,10.000000
227.584641,2.222452,10.000000
227.597821,-38.009894,13.000000
227.659784,-27.819584,11.000000
227.833190,5.790193,11.000000
228.189225,7.428840,10.000000
228.237198,15.612709,9.000000
228.457099,4.761977,9.000000
228.540175,-26.774044,13.000000
228.589582,-23.363409,10.000000
228.979803,-21.023496,13.000000
229.173680,6.968768,11.000000
229.188048,-27.807007,14.000000
229.223456,-38.421298,11.000000
229.231534,-21.999381,9.000000
229.555577,-24.188681,12.000000
229.710396,2.080537,13.000000
229.797676,4.433929,10.000000
229.836842,45.880659,9.000000
230.186827,-37.053056,14.000000
230.752386,-1.352761,10.000000
230.793255,8.573705,11.000000
230.804508,-38.172940,18.000000
231.042744,-33.093167,9.000000
231.170148,-31.988193,11.000000
231.187958,-34.820656,9.000000
231.608273,-36.409561,18.000000
232.223683,-27.942967,9.000000
232.403404,-33.780346,14.000000
232.763801,0.380737,10.000000
233.018119,-30.233401,10.000000
233.018147,-29.052432,9.000000
233.018764,-37.580911,16.000000
233.167630,-32.005042,17.000000
233.353425,-1.050524,9.000000
233.440535,-34.666887,9.000000
233.731395,-27.471540,18.000000
233.755765,-20.218810,9.000000
233.811790,-24.928789,9.000000
233.845602,-31.163007,10.000000
233.937682,-21.978100,11.000000
234.047794,-36.832125,9.000000
234.178720,-25.983260,11.000000
234.196351,-19.176046,10.000000
234.222724,-23.616172,11.000000
234.370303,-32.773471,16.000000
234.414388,-29.925984,13.000000
234.626381,-34.168615,9.000000
234.737472,-22.663514,9.000000
234.953203,-27.598931,11.000000
234.999721,-0.940402,9.000000
235.568117,-28.976438,10.000000
235.602881,-33.211301,13.000000
235.608859,-30.178551,11.000000
235.632908,-32.049635,19.000000
235.748177,-21.973648,10.000000
235.807883,-18.792433,9.000000
235.982895,-24.405645,12.000000
236.196381,0.421358,10.000000
236.568380,2.416080,12.000000
236.640257,-28.035884,15.000000
236.642221,-27.031066,9.000000
237.047075,-32.968899,15.000000
237.175833,-34.387894,18.000000
237.320204,21.830315,10.000000
237.331268,0.182775,10.000000
237.380193,-32.007113,18.000000
237.404536,-30.190004,13.000000
237.742254,-22.776909,10.000000
237.783066,-18.961902,9.000000
237.787093,-27.561443,10.000000
238.074357,34.070569,10.000000
238.553190,11.968319,10.000000
238.588324,-29.453186,13.000000
238.606277,-31.631374,10.000000
238.636699,-30.626971,17.000000
238.838574,-21.958929,13.000000
238.848093,-77.732842,11.000000
238.980309,-17.603528,9.000000
239.167496,-33.142527,13.000000
239.182193,-28.396101,17.000000
239.242793,-26.993972,17.000000
239.328355,-23.170148,12.000000
239.404469,-20.983432,17.000000
239.771459,-29.782442,17.000000
239.811957,-32.210002,18.000000
239.964060,-26.220123,12.000000
239.986824,-22.359262,9.000000
240.023209,-19.440132,9.000000
240.027388,-30.981779,16.000000
240.207418,-25.201963,15.000000
240.449134,-28.755796,17.000000
240.617064,-27.600051,15.000000
240.662631,52.453945,9.000000
241.058085,-74.206886,10.000000
241.173620,-29.637876,13.000000
241.205524,-32.006536,17.000000
241.221615,-26.744844,10.000000
241.260160,-22.017981,11.000000
241.365277,-19.825526,15.000000
241.370370,-23.021914,14.000000
241.423017,-25.158005,9.000000
241.638024,-30.975411,11.000000
241.773093,-28.588212,14.000000
242.010371,43.003094,9.000000
242.421323,-23.582187,11.000000
242.639288,-30.223775,11.000000
242.847021,-27.211426,9.000000
242.978827,-28.223249,10.000000
243.018049,-17.001074,9.000000
243.049446,-21.968116,10.000000
243.153933,-29.222552,14.000000
243.232011,7.631960,10.000000
243.759552,-20.788448,10.000000
243.763098,-25.424588,9.000000
243.817735,62.711327,11.000000
244.179001,-22.017218,17.000000
244.193303,-17.039784,14.000000
244.411538,35.002909,9.000000
244.629062,-28.405698,12.000000
244.737803,-26.964079,11.000000
244.777029,-22.966855,12.000000
244.967508,-18.431625,10.000000
245.222459,-21.764421,11.000000
245.259797,17.221880,11.000000
245.372983,51.597986,9.000000
245.574508,22.657124,9.000000
245.993820,9.773367,12.000000
246.039872,1.612409,9.000000
246.445029,-72.180551,15.000000
246.632229,-18.387332,9.000000
246.663324,51.001715,9.000000
246.989747,-26.328027,16.000000
247.157451,39.552373,12.000000
247.471750,2.671989,9.000000
247.611570,40.777483,9.000000
247.630988,-1.729679,9.000000
248.001885,4.811426,9.000000
248.025868,0.150692,10.000000
248.582872,-0.778560,10.000000
248.624206,1.994735,10.000000
248.632807,6.734204,9.000000
248.768529,26.617177,9.000000
249.014653,30.604388,10.000000
249.364774,46.834893,11.000000
249.427149,0.991229,12.000000
249.454871,-19.867648,12.000000
249.473352,7.631706,9.000000
249.619059,-21.338718,12.000000
249.804319,-1.373145,11.000000
250.004775,4.405314,10.000000
250.595016,0.412542,13.000000
250.618521,-22.776789,13.000000
250.773630,-0.647821,10.000000
250.820563,-21.377560,9.000000
250.977473,7.958788,9.000000
251.020289,-20.027062,14.000000
251.282020,61.840291,9.000000
251.437636,-71.861050,12.000000
251.449296,33.008842,12.000000
251.572233,51.855639,9.000000
251.587678,-1.229137,10.000000
251.635569,1.441750,11.000000
251.642769,3.635954,9.000000
251.812507,-18.409225,10.000000
252.172060,-20.037453,12.000000
252.371605,-0.190765,12.000000
252.760075,7.405826,10.000000
253.204686,-1.219165,10.000000
253.222990,0.610827,11.000000
253.589796,-19.009139,14.000000
253.632142,-17.386567,10.000000
253.643265,36.568699,9.000000
253.712283,2.198515,11.000000
254.210912,-1.743069,13.000000
254.403514,0.829888,9.000000
254.428943,-18.229993,10.000000
254.592190,47.153643,11.000000
254.786511,-17.016126,11.000000
255.021969,-68.349662,11.000000
255.060519,23.107256,12.000000
255.203019,1.646264,13.000000
255.207035,17.713777,10.000000
256.159138,-1.404245,11.000000
256.200285,-69.862438,14.000000
256.207041,17.213101,9.000000
256.549626,1.571456,12.000000
256.821495,48.399821,11.000000
256.956009,19.186539,12.000000
257.146732,42.359793,9.000000
257.215174,-1.395090,10.000000
257.238997,-66.648666,11.000000
257.434167,34.405191,9.000000
257.453861,0.573266,13.000000
257.835054,14.374396,9.000000
258.163033,-0.739966,10.000000
258.329283,64.055697,13.000000
258.430302,52.004022,9.000000
258.554837,18.210233,9.000000
258.568142,2.185607,13.000000
258.636752,1.176478,11.000000
258.803922,24.789551,9.000000
259.186573,-64.970264,15.000000
259.237870,20.256880,10.000000
259.344241,43.160280,16.000000
259.394303,7.607534,12.000000
259.620867,14.159072,9.000000
259.829535,2.179114,14.000000
259.866875,80.171622,10.000000
259.974105,12.989273,9.000000
260.012900,-67.629698,14.000000
260.165041,-64.024806,11.000000
260.262637,14.994239,12.000000
260.357596,-0.385214,11.000000
260.973324,0.632062,9.000000
261.360349,52.946529,9.000000
261.379157,6.994599,12.000000
261.429656,-1.797036,9.000000
261.530793,77.704387,11.000000
261.587081,-66.594592,10.000000
261.597834,21.400051,11.000000
261.610316,12.180411,11.000000
261.610726,14.192291,9.000000
261.620853,2.826685,9.000000
261.778499,-63.216392,10.000000
261.797716,15.221584,10.000000
261.827018,1.793552,9.000000
261.983353,13.197028,9.000000
262.002582,0.804038,11.000000
262.208240,-0.786776,16.000000
262.417923,11.160859,9.000000
262.428047,42.010625,9.000000
262.588603,-65.582396,12.000000
262.602545,9.218303,10.000000
262.606193,16.277165,9.000000
262.725502,4.597201,9.000000
262.751962,3.395726,18.000000
262.767218,6.781305,10.000000
263.006835,2.054499,11.000000
263.008436,-64.199649,13.000000
263.160406,-61.804273,12.000000
263.193478,8.151778,10.000000
263.198448,-1.608726,12.000000
263.207654,20.027585,10.000000
263.213685,50.839731,9.000000
263.428079,-0.197857,12.000000
263.602717,11.977912,14.000000
263.610337,5.965279,11.000000
263.775715,-2.456243,10.000000
263.813861,15.180329,11.000000
263.822895,3.799474,15.000000
263.982548,-62.786895,18.000000
263.987564,6.987292,19.000000
263.996233,8.786754,11.000000
264.017922,5.012173,18.000000
264.155643,17.027770,9.000000
264.184399,0.796538,12.000000
264.231785,9.769163,9.000000
264.433907,37.213049,17.000000
264.554924,1.770247,11.000000
264.571592,35.222257,10.000000
264.606639,2.788675,17.000000
264.614920,-61.018108,11.000000
264.805713,-86.885089,9.000000
264.933816,72.928950,11.000000
265.135862,8.608985,9.000000
265.166581,3.773372,14.000000
265.179708,-1.164057,11.000000
265.198803,7.597793,18.000000
265.214319,-65.031440,12.000000
265.389511,0.028466,11.000000
265.415724,4.936021,10.000000
265.579173,2.020933,14.000000
265.601858,18.192814,10.000000
265.608578,6.463171,14.000000
265.642111,47.588172,9.000000
265.650557,-66.833571,9.000000
265.725092,-63.644302,11.000000
265.742950,19.389797,10.000000
265.825537,9.598061,12.000000
266.172519,-59.397004,11.000000
266.206194,16.973156,17.000000
266.384788,5.205955,19.000000
266.390345,3.414576,14.000000
266.423116,39.351501,9.000000
266.571053,22.209454,10.000000
266.599934,-62.044805,13.000000
266.642426,-60.369734,10.000000
266.786744,8.436319,9.000000
266.954319,18.178564,13.000000
266.993988,2.574485,17.000000
266.995730,7.433425,18.000000
267.186092,9.961473,15.000000
267.202158,15.799102,10.000000
267.210529,19.248852,15.000000
267.226741,5.805221,17.000000
267.381826,3.782968,17.000000
267.433816,-57.753555,11.000000
267.456146,56.609923,10.000000
267.786075,20.446811,14.000000
267.938436,15.040469,9.000000
267.961774,8.381595,18.000000
268.014904,-65.446548,12.000000
268.029524,5.023211,12.000000
268.184244,-67.007396,14.000000
268.240432,48.284433,9.000000
268.358241,17.736972,11.000000
268.367467,9.415448,12.000000
268.558704,12.053455,14.000000
268.594180,21.186633,9.000000
268.613416,75.170406,9.000000
268.632118,19.393204,15.000000
268.780628,6.193074,10.000000
268.780761,-59.226979,9.000000
268.989269,-64.038281,15.000000
268.998913,8.200701,11.000000
269.008823,7.171617,17.000000
269.152024,-60.411378,9.000000
269.162065,31.850451,10.000000
269.245526,10.174002,10.000000
269.422692,-76.177692,10.000000
269.424043,18.158758,12.000000
269.434294,36.399493,9.000000
269.557382,-56.837494,13.000000
269.569589,28.168356,10.000000
269.588311,41.951073,9.000000
269.611316,17.143467,16.000000
269.724402,-62.822289,12.000000
269.753850,8.969253,18.000000
269.808691,20.742558,9.000000
269.814978,19.646383,14.000000
270.166470,-55.659999,12.000000
270.200209,-70.368106,9.000000
270.202115,31.163083,9.000000
270.569345,-58.268624,17.000000
270.600151,15.996098,11.000000
270.625820,-61.181556,16.000000
270.751843,-59.671652,17.000000
270.759876,11.544792,9.000000
270.771718,10.411126,15.000000
270.793174,20.044471,11.000000
270.875153,37.425474,17.000000
271.040374,-67.403909,16.000000
271.168747,17.984217,13.000000
271.400131,54.553498,10.000000
271.419055,16.987089,19.000000
271.550971,-56.787931,16.000000
271.789784,21.998304,9.000000
271.805542,14.976903,11.000000
271.941957,19.439016,11.000000
271.975788,-55.790822,10.000000
271.993339,-72.761026,9.000000
272.007899,21.007574,11.000000
272.015095,13.007049,13.000000
272.234932,17.979384,11.000000
272.240380,-52.194208,12.000000
272.246841,-65.066096,10.000000
272.563716,16.765580,9.000000
272.613684,35.186659,9.000000
272.778514,-58.180719,10.000000
272.986696,25.642280,10.000000
273.014618,36.425359,12.000000
273.164584,20.803242,12.000000
273.174542,-60.366056,14.000000
273.266612,51.780543,9.000000
273.343197,22.019969,18.000000
273.443644,57.061873,11.000000
273.512452,-62.927952,15.000000
273.566883,-51.182731,9.000000
273.803691,18.634470,12.000000
273.827074,15.834991,9.000000
273.836783,17.051818,13.000000
273.941328,33.018754,11.000000
274.009599,28.787243,13.000000
274.154091,-56.017621,9.000000
274.174465,30.608004,12.000000
274.213182,48.954704,11.000000
274.254397,27.006049,17.000000
274.407159,-53.363634,13.000000
274.433235,34.763823,9.000000
274.554675,-57.199786,11.000000
274.569324,-49.977155,9.000000
274.580807,20.238826,12.000000
274.956423,21.760836,9.000000
274.983292,-58.584972,10.000000
274.994776,35.963805,12.000000
275.214819,-61.388126,10.000000
275.452445,19.585259,12.000000
275.567128,-51.820579,17.000000
275.631060,23.418419,11.000000
275.652006,-48.818186,9.000000
275.800307,20.806390,10.000000
275.805778,37.621724,10.000000
275.808043,50.787826,9.000000
275.813526,25.427437,9.000000
276.010153,35.224316,14.000000
276.016586,-53.803210,16.000000
276.034966,41.004508,9.000000
276.035745,28.248658,12.000000
276.043857,-56.396594,14.000000
276.163354,21.752977,14.000000
276.180872,-55.026797,11.000000
276.257862,30.828512,9.000000
276.270243,29.588814,12.000000
276.421391,49.789804,9.000000
276.538981,36.568218,12.000000
276.665307,-46.024408,18.000000
276.741863,-48.012737,13.000000
276.772641,-60.159802,11.000000
276.874829,24.985870,9.000000
277.145632,-77.366389,11.000000
277.187005,39.788465,10.000000
277.384976,-51.806308,9.000000
277.430798,-57.394961,18.000000
277.600137,-54.401840,10.000000
277.614598,-71.202783,9.000000
277.621541,35.791569,14.000000
277.623840,-47.168484,14.000000
277.750030,29.789327,10.000000
277.785966,33.611536,10.000000
277.796694,24.379585,11.000000
277.838745,34.778813,11.000000
277.839620,-53.219797,13.000000
277.997386,-45.172131,14.000000
278.021798,-43.996972,16.000000
278.023521,31.414684,10.000000
278.207920,27.979049,12.000000
278.213229,43.020583,11.000000
278.383593,-43.005721,12.000000
278.407971,-55.398980,14.000000
278.416669,52.319068,9.000000
278.626541,32.432012,15.000000
278.832981,-61.382556,10.000000
278.854312,-60.119788,10.000000
278.961408,36.757477,14.000000
278.976682,72.379635,14.000000
278.978993,-46.215107,9.000000
279.004886,-41.827523,12.000000
279.020170,30.837065,10.000000
279.028311,-56.744733,10.000000
279.182986,-51.830571,10.000000
279.187389,27.422003,17.000000
279.346511,54.036901,12.000000
279.357034,-47.207930,9.000000
279.414311,38.543792,12.000000
279.420880,-54.427218,12.000000
279.622762,-53.394095,12.000000
279.729957,28.795264,11.000000
279.763909,33.000806,15.000000
279.778860,-43.011358,14.000000
279.813835,55.636407,12.000000
279.929442,-44.887807,9.000000
279.954820,36.021017,14.000000
279.955520,-58.796965,12.000000
279.987892,49.954682,9.000000
280.031817,43.208927,10.000000
280.136171,32.034825,18.000000
280.142903,30.216668,12.000000
280.167262,34.452852,10.000000
280.410663,-40.439796,18.000000
280.533977,-39.378623,9.000000
280.766105,58.367974,9.000000
280.768201,36.978554,10.000000
280.775644,-52.614769,14.000000
280.789042,-41.963689,9.000000
280.795453,-66.739796,16.000000
280.987281,54.853198,9.000000
281.059117,-50.786313,16.000000
281.205675,-46.792914,18.000000
281.222568,34.991479,13.000000
281.235817,-55.632601,12.000000
281.245833,41.405445,10.000000
281.378492,33.553452,13.000000
281.394645,38.395409,12.000000
281.451456,-53.830836,15.000000
281.479025,-72.669992,9.000000
281.600574,-38.792317,17.000000
281.603295,32.446042,9.000000
281.752660,52.987680,13.000000
281.779716,59.740956,9.000000
281.793111,-43.805666,11.000000
281.807249,36.387099,16.000000
281.830646,-63.215963,10.000000
282.000039,-37.564373,18.000000
282.000057,46.999675,10.000000
282.201959,-41.776491,14.000000
282.368402,34.174934,12.000000
282.422888,37.595476,9.000000
282.565834,-61.779434,10.000000
282.597094,40.619668,16.000000
282.619610,-47.746012,11.000000
282.743881,-40.347346,18.000000
282.769196,-70.414101,9.000000
282.799889,-35.415582,17.000000
282.808783,35.629514,12.000000
283.020245,-36.666126,19.000000
283.169726,-38.806405,14.000000
283.203980,43.808063,11.000000
283.240405,-51.871429,9.000000
283.367123,45.453933,12.000000
283.376156,36.570469,19.000000
283.389361,-55.610375,11.000000
283.405831,39.001749,15.000000
283.409596,-45.802747,15.000000
283.522237,-46.933433,15.000000
283.569721,-42.962767,17.000000
283.727555,78.052101,11.000000
283.752329,41.600133,12.000000
283.780976,-44.780405,16.000000
283.793998,-32.774886,16.000000
283.809274,37.808784,14.000000
283.818868,40.162074,15.000000
283.824441,-67.791695,11.000000
283.835358,-33.808870,18.000000
283.948356,56.634418,10.000000
283.977245,55.421590,10.000000
283.991437,-35.955305,12.000000
284.166188,-41.776161,19.000000
284.178170,53.222014,9.000000
284.191785,-39.784409,16.000000
284.193153,-37.363104,15.000000
284.221744,57.814732,9.000000
284.430341,-31.562515,18.000000
284.544941,46.254781,9.000000
284.655987,44.929172,10.000000
284.786946,52.235476,11.000000
284.787513,38.639968,11.000000
284.987904,-46.855185,9.000000
285.012711,-34.413227,16.000000
285.046316,-32.647662,19.000000
285.164043,-62.061511,11.000000
285.190160,-36.593965,19.000000
285.214376,-30.204593,17.000000
285.413761,-37.972436,10.000000
285.565269,-39.999415,12.000000
285.568065,-57.358537,9.000000
285.593914,40.002205,13.000000
285.601271,-35.625518,19.000000
285.770728,43.158085,11.000000
285.792695,-31.758396,19.000000
285.804185,41.599029,13.000000
285.847438,-52.209988,11.000000
285.981146,-28.628141,19.000000
286.020371,-33.397758,18.000000
286.283984,-30.728906,9.000000
286.377791,44.627028,10.000000
286.385936,-38.984865,9.000000
286.393094,53.412586,15.000000
286.406087,-54.135861,11.000000
286.543695,-34.823662,12.000000
286.563795,-29.750154,12.000000
286.566993,-56.166542,12.000000
286.615819,48.996758,9.000000
286.757428,-37.559047,11.000000
286.971167,-26.991967,17.000000
287.034065,47.035871,9.000000
287.181068,52.212502,10.000000
287.184697,-42.397171,9.000000
287.195251,-31.786319,15.000000
287.206639,-28.018728,14.000000
287.212430,43.347184,12.000000
287.385965,-33.831826,13.000000
287.597554,-35.832082,10.000000
287.621504,-25.970721,14.000000
287.636969,-28.982582,9.000000
287.825952,61.198280,10.000000
287.840721,-59.959043,19.000000
287.980601,59.454609,9.000000
287.996108,-40.816389,10.000000
288.244168,48.814960,10.000000
288.336840,-23.610353,11.000000
288.418102,45.845652,14.000000
288.437843,57.709250,12.000000
288.448988,-32.626367,17.000000
288.459594,-30.799736,13.000000
288.610261,51.443015,10.000000
288.632797,-27.613838,17.000000
288.755309,-25.244946,16.000000
288.980080,-65.027498,9.000000
288.981921,-41.986285,9.000000
288.989295,-22.796946,19.000000
289.263622,-46.750677,12.000000
289.275135,-38.035164,9.000000
289.391059,-62.250920,9.000000
289.407438,-36.758770,10.000000
289.421027,-40.362186,10.000000
289.572566,55.006851,9.000000
289.593135,-33.437162,15.000000
289.643878,-26.778599,18.000000
289.772455,49.634723,11.000000
289.824806,-22.005743,19.000000
289.855250,-23.948512,15.000000
289.879934,-24.955114,11.000000
289.960380,-27.825004,12.000000
289.964442,50.820845,11.000000
290.000941,47.173563,14.000000
290.004980,-20.642122,10.000000
290.041603,-34.425039,10.000000
290.190314,-60.183680,10.000000
290.192831,48.605734,11.000000
290.364584,-32.654839,15.000000
290.385587,-19.177729,14.000000
290.406244,52.662461,11.000000
290.413831,53.997617,10.000000
290.425707,57.205644,12.000000
290.556941,-42.018072,11.000000
290.576891,61.277389,9.000000
290.583471,-29.210586,18.000000
290.594422,-43.417914,12.000000
290.799920,-39.015743,10.000000
290.950939,-31.778740,19.000000
290.964015,56.001506,16.000000
290.983512,-51.770394,10.000000
291.013847,-26.741942,17.000000
291.148332,-35.155154,9.000000
291.350528,-22.377001,18.000000
291.385650,49.844901,10.000000
291.395459,-30.815175,17.000000
291.434340,-18.808992,19.000000
291.575173,-37.582355,9.000000
291.583390,-17.184704,16.000000
291.583973,-23.835755,10.000000
291.596884,-21.382897,19.000000
291.609132,51.144341,10.000000
291.609295,-34.048575,9.000000
291.794804,-28.197906,17.000000
291.805219,-19.984990,19.000000
291.964103,-32.587183,19.000000
291.993969,-62.124813,9.000000
291.997779,-36.003533,9.000000
292.136239,54.780452,11.000000
292.156481,-57.013909,9.000000
292.232908,-45.740545,9.000000
292.348038,-29.182713,18.000000
292.373831,57.579221,9.000000
292.478033,-26.754837,17.000000
292.574409,53.221770,14.000000
292.578918,-22.819044,16.000000
292.621816,-55.195874,9.000000
292.766968,-23.973190,9.000000
292.781610,-21.027900,17.000000
292.813016,-18.205894,19.000000
292.865219,62.148150,10.000000
292.949134,-19.632841,16.000000
293.253508,52.070185,9.000000
293.331402,-66.648960,14.000000
293.388355,-31.995026,14.000000
293.392231,-27.425314,9.000000
293.563649,-17.395228,17.000000
293.759743,-28.621080,12.000000
293.768492,-52.798200,9.000000
293.795567,56.443969,14.000000
293.833795,-22.622294,16.000000
293.869951,-20.793382,13.000000
293.958995,-34.050596,11.000000
294.002734,-18.585242,16.000000
294.017020,-19.596413,11.000000
294.400694,-24.857828,17.000000
294.558541,-27.838358,17.000000
294.577062,-31.235556,13.000000
294.585247,-40.554348,9.000000
294.589227,-26.379018,13.000000
294.605034,-29.762038,11.000000
294.760899,54.418576,10.000000
294.778766,-32.789984,11.000000
294.838786,-17.414054,14.000000
294.851586,-21.934914,10.000000
294.961043,64.822995,9.000000
294.982196,-23.427772,18.000000
295.226722,-58.775182,10.000000
295.567289,-25.396204,10.000000
295.618882,-18.229509,15.000000
295.647934,-19.413455,9.000000
295.787499,-32.005002,11.000000
295.942070,-16.780286,10.000000
296.017315,-30.972783,15.000000
296.037199,61.786795,9.000000
296.045922,-21.751382,14.000000
296.188921,-27.799871,12.000000
296.197829,-28.943759,13.000000
296.240263,-23.201318,10.000000
296.254965,-36.730827,11.000000
296.440798,-26.683527,17.000000
296.568314,-35.569599,9.000000
296.621409,60.415498,9.000000
296.789027,-19.385462,14.000000
297.200950,-18.421237,19.000000
297.207035,-29.434991,10.000000
297.217356,57.388359,11.000000
297.364279,-34.418973,9.000000
297.383353,-31.679503,18.000000
297.535077,-22.036144,19.000000
297.605095,-20.426871,10.000000
297.658476,-41.741931,10.000000
297.831253,-27.372443,12.000000
298.002108,-28.472889,9.000000
298.330748,-62.795462,10.000000
298.416461,-42.719466,9.000000
298.609978,-33.771208,9.000000
298.761553,-29.815664,9.000000
298.983143,-1.654806,11.000000
299.003628,58.846205,10.000000
299.011418,-31.739442,11.000000
300.164979,-21.802560,9.000000
300.173376,-52.990940,9.000000
300.202385,62.394638,10.000000
300.204681,-26.219589,10.000000
300.219881,-0.997874,16.000000
300.267936,-23.830953,11.000000
300.425353,-28.051249,9.000000
300.620074,1.182383,15.000000
300.630972,-55.975020,12.000000
301.052298,-67.084337,9.000000
301.275568,-31.755187,11.000000
301.424886,0.174578,15.000000
301.517036,-21.922268,12.000000
301.762626,-2.238486,9.000000
301.801556,-16.963097,9.000000
301.830080,-1.021046,15.000000
302.209972,-62.808653,13.000000
302.233139,2.031967,15.000000
302.240603,-41.192877,10.000000
302.242370,-26.736986,10.000000
302.405011,65.590098,9.000000
302.408453,3.396036,17.000000
302.790387,1.021435,10.000000
302.822126,-38.196539,9.000000
302.826339,-37.019840,14.000000
303.018939,-31.584094,11.000000
303.026251,-56.530634,9.000000
303.051547,0.000207,17.000000
303.205648,4.788906,14.000000
303.387810,-23.386788,9.000000
303.438675,6.439148,9.000000
303.453692,-41.803456,9.000000
303.593161,-1.600309,15.000000
303.617224,2.188378,15.000000
303.621930,3.398370,10.000000
304.139164,-27.602043,10.000000
304.164111,7.138819,18.000000
304.185070,5.572778,13.000000
304.214119,4.381238,15.000000
304.228069,-31.805632,11.000000
304.401961,0.965996,14.000000
304.600601,-0.582958,15.000000
304.788629,2.011650,13.000000
304.797474,-41.633541,9.000000
304.959213,6.415502,10.000000
304.961928,-76.528858,9.000000
304.969987,3.160392,9.000000
305.015403,-1.567633,10.000000
305.229424,7.583344,17.000000
305.350496,-66.772205,10.000000
305.393762,0.219486,15.000000
305.429104,-25.582928,10.000000
305.611108,1.393886,14.000000
305.630116,8.585554,18.000000
305.817417,4.238036,13.000000
305.974368,5.250125,14.000000
305.985065,-1.003895,14.000000
306.169751,10.798664,17.000000
306.189861,7.026462,13.000000
306.192209,9.436552,16.000000
306.243206,-24.819320,9.000000
306.583431,3.549399,9.000000
306.800963,2.201285,10.000000
306.978167,8.605338,16.000000
306.991408,12.021083,13.000000
306.992799,4.802088,15.000000
306.998682,67.225352,9.000000
307.057277,0.030002,10.000000
307.152720,-1.625339,11.000000
307.189207,1.195680,18.000000
307.388461,10.005026,16.000000
307.404643,7.204051,15.000000
307.445695,-18.955482,9.000000
307.650835,3.382592,11.000000
307.735183,5.791144,11.000000
307.844682,-26.611198,13.000000
308.047682,4.619534,9.000000
308.147217,-27.579582,9.000000
308.189935,2.171358,11.000000
308.548554,12.230619,17.000000
308.680873,-2.557196,19.000000
308.686059,7.986374,17.000000
308.781133,0.998110,11.000000
308.789864,-56.209877,12.000000
308.987683,-54.348516,9.000000
309.234535,0.049082,12.000000
309.239502,-57.651305,11.000000
309.425683,7.145109,10.000000
309.505093,-47.349495,11.000000
309.657272,-1.369975,9.000000
309.803122,6.024169,11.000000
309.831025,10.011556,11.000000
310.167232,1.204712,14.000000
310.244836,-51.662250,10.000000
310.415052,3.151788,9.000000
310.571865,-0.603231,10.000000
310.761948,-26.417909,19.000000
310.778670,-25.366561,17.000000
310.792574,-23.406365,12.000000
310.797441,-76.546275,11.000000
311.002752,8.571453,9.000000
311.261559,-21.641913,9.000000
311.380877,6.157551,9.000000
311.402378,0.424445,13.000000
311.611360,10.159955,12.000000
311.757873,-41.600031,10.000000
311.998165,-0.770340,15.000000
312.346644,-21.871394,16.000000
312.391177,7.015731,11.000000
312.475643,0.848243,9.000000
312.640433,-17.983982,9.000000
312.765715,-16.692422,10.000000
312.822986,8.606351,10.000000
312.933442,4.591515,10.000000
312.945709,-52.783946,15.000000
312.970613,5.641735,14.000000
312.979307,16.222288,14.000000
313.029069,-0.184146,10.000000
313.356107,-31.281761,14.000000
313.438420,-61.596129,10.000000
313.568427,3.596780,10.000000
313.785920,-26.640197,10.000000
313.809159,15.547299,10.000000
313.953137,-27.979346,11.000000
314.364352,16.447574,9.000000
314.564397,4.467128,10.000000
314.585719,-29.190314,9.000000
314.635841,8.603836,9.000000
314.781092,22.383134,9.000000
314.804243,2.080160,9.000000
315.025887,6.616495,10.000000
315.071914,-42.180138,9.000000
315.157416,-41.060861,9.000000
315.218386,-31.581352,9.000000
315.371344,16.178647,13.000000
315.403157,0.027763,11.000000
315.551728,5.579376,13.000000
315.809543,2.619761,9.000000
315.819149,-36.616080,10.000000
315.827786,-37.974662,10.000000
315.959799,-51.640976,9.000000
315.998508,10.189296,12.000000
316.009918,11.224314,9.000000
316.019670,23.574884,9.000000
316.196306,-27.283129,10.000000
316.401061,-30.990443,10.000000
316.621758,3.819371,11.000000
316.764857,-21.650297,10.000000
316.765731,8.422691,11.000000
316.814809,-25.630248,11.000000
316.999789,-56.570581,12.000000
317.185036,-1.401579,9.000000
317.210117,10.402463,10.000000
317.458834,-31.636617,14.000000
317.523802,-26.647981,17.000000
317.568529,13.401053,12.000000
317.602403,15.339488,9.000000
317.996061,-19.789215,9.000000
318.002409,-0.257979,10.000000
318.030743,12.262402,11.000000
318.207836,23.452295,12.000000
318.476392,2.565380,10.000000
318.755546,17.207593,12.000000
318.781758,-47.220354,14.000000
318.994623,-31.679164,11.000000
319.228011,7.346125,10.000000
319.429559,8.782310,13.000000
319.435924,10.181156,12.000000
319.767494,-26.634718,14.000000
319.813792,18.432040,10.000000
319.860133,14.052834,9.000000
319.950144,-1.200273,9.000000
319.974479,27.585804,15.000000
320.011596,19.414609,13.000000
320.029632,1.356936,10.000000
320.427341,-0.206503,10.000000
320.586309,20.454239,10.000000
320.622578,7.213068,16.000000
320.626711,-85.583664,10.000000
321.004408,-1.416285,10.000000
321.184634,-31.600071,14.000000
321.194078,8.851199,9.000000
321.412237,9.981026,11.000000
321.424681,27.755066,11.000000
321.726340,-26.252137,9.000000
321.759652,-25.226244,9.000000
321.799089,19.420309,11.000000
321.814842,-22.708316,11.000000
321.839909,25.386924,10.000000
321.850825,-0.386469,10.000000
321.998403,5.838471,11.000000
322.031577,1.215081,12.000000
322.165553,7.800684,9.000000
322.176439,23.378712,11.000000
322.219468,-36.628616,11.000000
322.380037,16.246231,13.000000
322.382482,26.426652,13.000000
322.808552,13.831929,10.000000
322.862831,-20.352372,15.000000
322.886361,-19.046546,18.000000
322.962605,2.633552,9.000000
322.997912,29.810510,10.000000
322.999474,18.604209,12.000000
323.035228,14.840414,11.000000
323.178045,22.436677,13.000000
323.238732,20.721251,9.000000
323.321777,-65.524568,9.000000
323.554888,24.553024,9.000000
323.606117,0.350201,9.000000
324.023454,26.353086,11.000000
324.040104,31.352711,11.000000
324.177234,19.603466,9.000000
324.230322,17.431394,10.000000
324.808691,22.226594,9.000000
324.814588,29.168043,10.000000
325.065732,-23.160691,19.000000
325.196683,30.211921,9.000000
325.222680,24.411688,13.000000
325.378520,28.187245,12.000000
325.405483,-26.591919,9.000000
325.547222,-42.681224,10.000000
325.774361,-51.567087,16.000000
325.939861,17.962121,9.000000
325.972862,-31.653410,16.000000
326.044152,25.378705,9.000000
326.082806,27.181548,19.000000
326.171723,6.603550,11.000000
326.361041,32.145964,10.000000
326.374277,29.595095,9.000000
326.594326,22.987815,11.000000
326.798425,28.038464,12.000000
326.955595,-60.821915,9.000000
326.986700,26.004520,11.000000
327.223104,-26.160366,9.000000
327.389722,24.534682,13.000000
327.409046,30.396990,13.000000
327.616584,-31.585066,9.000000
327.780436,26.823820,10.000000
327.830815,22.249979,10.000000
327.834207,8.946285,10.000000
327.988300,21.203301,13.000000
327.999104,3.030418,14.000000
328.034587,29.195401,9.000000
328.052934,-21.595551,11.000000
328.073058,31.995483,12.000000
328.605792,32.997712,9.000000
328.696703,-36.597331,9.000000
328.781362,31.174820,9.000000
328.789252,25.600993,9.000000
329.182899,-31.616714,11.000000
329.809424,23.764902,9.000000
329.816120,26.593637,11.000000
329.989174,29.221598,10.000000
330.003973,24.860600,10.000000
330.184356,33.342582,9.000000
330.393959,14.194554,9.000000
330.514197,-31.869701,12.000000
330.584793,30.755354,10.000000
330.829315,31.813908,10.000000
330.833015,15.204675,11.000000
331.177345,22.362615,9.000000
331.439265,26.610087,11.000000
331.585053,13.792955,9.000000
331.590694,-27.962130,11.000000
331.631011,5.656663,9.000000
331.635291,29.175680,10.000000
331.659517,24.461906,9.000000
331.986329,28.046160,9.000000
332.208094,17.825015,10.000000
332.224317,25.326426,9.000000
332.266454,-31.604715,14.000000
332.382627,32.980419,9.000000
332.830884,27.006414,9.000000
332.947005,8.600542,14.000000
333.006367,31.810964,10.000000
333.030372,-0.796135,10.000000
333.333233,-21.617259,11.000000
333.423609,18.033621,10.000000
333.525403,-36.681081,9.000000
333.529811,37.783611,13.000000
333.621111,5.032184,9.000000
333.651014,7.351146,15.000000
333.705659,-31.561944,19.000000
333.800874,-66.813381,13.000000
333.950862,-45.850087,9.000000
334.019954,-26.636801,10.000000
334.387629,1.402890,10.000000
334.405464,15.216135,9.000000
334.440925,30.612733,9.000000
334.576266,-24.814964,9.000000
334.799597,31.789290,10.000000
335.397250,28.043259,10.000000
335.420444,29.789495,11.000000
335.735145,26.985446,10.000000
335.773673,37.782968,12.000000
336.151688,10.225467,12.000000
336.169020,-61.863866,10.000000
336.243497,-31.400463,9.000000
336.399930,39.419288,9.000000
336.829584,28.827817,10.000000
336.836131,-0.638669,10.000000
336.986384,-30.613582,9.000000
337.004050,22.427508,10.000000
337.006083,6.412164,9.000000
337.212078,20.538504,9.000000
337.368842,30.217506,10.000000
337.583876,26.795290,9.000000
337.638902,37.884840,9.000000
337.756723,18.560315,9.000000
337.800436,39.408164,14.000000
338.043577,23.211541,9.000000
338.190842,-25.771593,13.000000
338.230224,25.221326,9.000000
338.471183,17.353411,9.000000
338.544814,-21.603405,15.000000
338.582120,19.592496,10.000000
338.877768,13.407122,9.000000
338.882766,-41.610993,10.000000
338.953851,1.412176,11.000000
338.986646,-16.585002,15.000000
338.995884,38.369071,10.000000
339.016152,33.966115,10.000000
339.215922,-59.634967,10.000000
339.392183,40.379537,12.000000
339.413644,23.787180,12.000000
339.556002,36.580483,11.000000
339.644104,-31.798190,14.000000
339.768219,21.248342,11.000000
339.795729,17.549481,10.000000
340.038005,25.436608,12.000000
340.234100,28.268583,11.000000
340.381426,-36.600885,9.000000
340.565523,39.809162,11.000000
340.630354,1.174009,10.000000
340.637609,41.183743,11.000000
340.640123,30.189466,12.000000
340.751777,37.837887,10.000000
340.776063,26.193942,10.000000
341.000531,-27.239164,12.000000
341.175968,22.593883,9.000000
341.440712,42.006623,14.000000
341.581406,38.850475,11.000000
342.032086,24.558050,9.000000
342.225325,31.598582,10.000000
342.392436,34.926191,12.000000
342.417200,37.939487,9.000000
342.536439,40.486769,15.000000
343.278059,26.956666,10.000000
343.586617,32.406936,9.000000
343.614327,29.396798,11.000000
343.663258,15.754032,9.000000
343.809872,41.165974,9.000000
343.959783,42.357007,13.000000
344.167371,-16.566741,9.000000
344.171405,23.872017,10.000000
344.383332,37.755523,9.000000
344.442381,26.163184,14.000000
344.588208,2.250307,9.000000
345.000318,18.486068,11.000000
345.017419,29.191086,9.000000
345.195769,7.046839,9.000000
345.406227,30.589529,10.000000
345.621524,42.760885,15.000000
345.656469,82.407051,9.000000
345.781816,39.809281,9.000000
345.857263,20.231550,9.000000
346.005575,38.230718,10.000000
346.191766,33.587696,9.000000
346.226167,35.194401,10.000000
346.246563,32.370432,9.000000
346.345791,40.837274,13.000000
346.578199,-41.528090,18.000000
347.018231,36.344437,13.000000
347.223039,26.401165,9.000000
347.365048,42.174343,11.000000
347.447633,-26.577691,10.000000
347.610784,7.568554,13.000000
347.779073,37.993794,13.000000
347.807559,43.605628,11.000000
348.156099,28.203417,12.000000
348.240707,27.002350,9.000000
348.346835,22.853035,9.000000
348.555611,31.576505,10.000000
348.656296,36.437684,10.000000
349.005592,6.651245,9.000000
349.014410,35.218158,12.000000
349.029451,37.393995,16.000000
349.159742,-25.922883,13.000000
349.397026,29.018437,9.000000
349.424745,40.413124,10.000000
349.577914,27.584240,13.000000
349.616534,-16.552768,11.000000
349.811724,-42.245602,11.000000
350.031065,35.982523,10.000000
350.213263,42.587437,10.000000
350.246581,44.396113,9.000000
350.607547,19.439795,11.000000
350.836157,-65.785259,10.000000
350.986533,16.811209,11.000000
351.157152,14.640967,10.000000
351.595403,43.250564,13.000000
351.624195,2.350236,10.000000
351.641602,45.252841,10.000000
351.814559,0.168119,9.000000
352.246990,39.593784,10.000000
352.253200,32.416599,17.000000
352.626577,30.651497,10.000000
352.828345,42.606348,9.000000
352.864655,41.570739,10.000000
353.576436,44.652087,11.000000
353.655055,27.425170,15.000000
353.815497,40.609304,11.000000
354.323242,-20.664434,12.000000
354.344798,-18.798726,11.000000
354.553707,45.430073,9.000000
355.044198,26.600665,12.000000
355.150554,21.025816,10.000000
355.206563,-21.579441,9.000000
355.223543,43.223447,10.000000
355.414529,27.807850,15.000000
355.600584,17.557257,10.000000
355.750961,-56.529137,11.000000
355.773732,37.386451,14.000000
355.994731,45.418682,11.000000
355.998297,22.795582,10.000000
356.233797,1.235550,9.000000
356.409134,9.855551,9.000000
356.586758,46.397716,10.000000
356.994822,27.614172,12.000000
357.002965,44.193815,13.000000
357.149209,31.825632,10.000000
357.410291,29.935586,15.000000
357.878060,-28.019182,9.000000
357.993553,28.564808,11.000000
358.009551,-52.576721,10.000000
358.037247,44.990351,10.000000
358.076510,-29.447704,9.000000
358.409705,38.439248,11.000000
358.466740,42.336279,10.000000
359.013234,45.792926,9.000000
359.189126,27.825476,11.000000
359.371478,31.831691,10.000000
359.385078,-22.000120,12.000000
359.843379,36.578513,10.000000
